{
    "key": "group_654ad532a86fb",
    "title": "music playlist",
    "fields": [
        {
            "key": "field_654ad532f1f24",
            "label": "Url or Upload",
            "name": "video_tab",
            "aria-label": "",
            "type": "true_false",
            "instructions": "",
            "required": 0,
            "conditional_logic": 0,
            "wrapper": {
                "width": "",
                "class": "",
                "id": ""
            },
            "message": "",
            "default_value": 0,
            "ui_on_text": "upload",
            "ui_off_text": "url",
            "ui": 1
        },
        {
            "key": "field_654bf17128933",
            "label": "Url",
            "name": "video-url",
            "aria-label": "",
            "type": "oembed",
            "instructions": "",
            "required": 0,
            "conditional_logic": [
                [
                    {
                        "field": "field_654ad532f1f24",
                        "operator": "!=",
                        "value": "1"
                    }
                ]
            ],
            "wrapper": {
                "width": "",
                "class": "",
                "id": ""
            },
            "width": "",
            "height": ""
        },
        {
            "key": "field_654ad5b1f1f25",
            "label": "video upload",
            "name": "video_upload",
            "aria-label": "",
            "type": "file",
            "instructions": "",
            "required": 0,
            "conditional_logic": [
                [
                    {
                        "field": "field_654ad532f1f24",
                        "operator": "==",
                        "value": "1"
                    }
                ]
            ],
            "wrapper": {
                "width": "",
                "class": "",
                "id": ""
            },
            "return_format": "array",
            "library": "uploadedTo",
            "min_size": "",
            "max_size": "",
            "mime_types": ""
        },
        {
            "key": "field_654bf1aa28934",
            "label": "Thumbnail",
            "name": "_thumbnail_id",
            "aria-label": "",
            "type": "image",
            "instructions": "",
            "required": 0,
            "conditional_logic": [
                [
                    {
                        "field": "field_654ad532f1f24",
                        "operator": "==",
                        "value": "1"
                    }
                ]
            ],
            "wrapper": {
                "width": "",
                "class": "",
                "id": ""
            },
            "return_format": "array",
            "library": "uploadedTo",
            "min_width": "",
            "min_height": "",
            "min_size": "",
            "max_width": "",
            "max_height": "",
            "max_size": "",
            "mime_types": "jpg, png, gif, jpeg, webp",
            "preview_size": "medium"
        },
        {
            "key": "field_654bf1eb28935",
            "label": "Music List",
            "name": "music_list",
            "aria-label": "",
            "type": "repeater",
            "instructions": "",
            "required": 0,
            "conditional_logic": [
                [
                    {
                        "field": "field_654ad532f1f24",
                        "operator": "==",
                        "value": "1"
                    }
                ]
            ],
            "wrapper": {
                "width": "",
                "class": "",
                "id": ""
            },
            "layout": "block",
            "pagination": 0,
            "min": 0,
            "max": 30,
            "collapsed": "",
            "button_label": "<i class=\"fas fa-plus\"><\/i>",
            "rows_per_page": 20,
            "sub_fields": [
                {
                    "key": "field_654bf26328936",
                    "label": "Music Title",
                    "name": "music_title",
                    "aria-label": "",
                    "type": "text",
                    "instructions": "",
                    "required": 0,
                    "conditional_logic": [
                        [
                            {
                                "field": "field_654ad532f1f24",
                                "operator": "==",
                                "value": "1"
                            }
                        ]
                    ],
                    "wrapper": {
                        "width": "",
                        "class": "",
                        "id": ""
                    },
                    "default_value": "",
                    "maxlength": "",
                    "placeholder": "music title",
                    "prepend": "",
                    "append": "",
                    "parent_repeater": "field_654bf1eb28935"
                },
                {
                    "key": "field_654bf28928937",
                    "label": "Music file",
                    "name": "music_file",
                    "aria-label": "",
                    "type": "file",
                    "instructions": "",
                    "required": 0,
                    "conditional_logic": [
                        [
                            {
                                "field": "field_654ad532f1f24",
                                "operator": "==",
                                "value": "1"
                            }
                        ]
                    ],
                    "wrapper": {
                        "width": "",
                        "class": "",
                        "id": ""
                    },
                    "return_format": "url",
                    "library": "uploadedTo",
                    "min_size": "",
                    "max_size": 50,
                    "mime_types": "mp3",
                    "parent_repeater": "field_654bf1eb28935"
                }
            ]
        }
    ],
    "location": [
        [
            {
                "param": "post_format",
                "operator": "==",
                "value": "audio"
            }
        ]
    ],
    "menu_order": 0,
    "position": "normal",
    "style": "default",
    "label_placement": "top",
    "instruction_placement": "label",
    "hide_on_screen": "",
    "active": true,
    "description": "",
    "show_in_rest": 0,
    "modified": 1701032205
}
